username,post,date,url,like,comment,is_repost
KementerianATRBPN,Halo #SobA,15 hrs,https://mbasic.facebook.com/story.php?story_fbid=pfbid026k4K9yNj4dZZWoTg7D2TjxVcr8dBfQkypncMpAhgUB2qyxV6dGcikw7fxgfxNRUEl&id=100064155686673&eav=Afa9TN00lm4vWdPd7_2j6pwnZMKTPLq4sy0XuiKOtxvs90fUUWP87F8tkiJNX7y2pL0&refid=17&_ft_=encrypted_tracking_data.0AY-XZSEXOUwHyahzZ3_9T-cWh-dRYBt-I6N_o0XRY3ZtE4jY9QshBDLRJZZspesQAdvca2TLt5IwwrbkySTo4paFfrw88EsLd0dxNV5qKmBbDCzs4ZdX_h347ovIVHIwv9Af-a1Tz_rIkdpD-O00mI7t9rLnKcGiJJvQpp-4slV7TuwHhb7FRUDQIO0T3GGSMU-VjUaWc28ltmUwqv1sNXS3caE6paUex-twId0eK5FBZtkLPkOaBnzWpjep-CCR2JLWxxlrwTM5If7Yh2y35Y_lZvtKkICkhqKM6iVXjWm57tQRQhrIK0SgQzt2BrIu0BQKaWERgVPkNglU-RdSL8vspLxMpcBELMciP3bG55iaJUysV4H0ptx6K75tOpfq1dUwaLH9cdc8BSoUYUWI3zig8B55dR-9z6nMorSpyEs36koa1MPlLE_Oh1PQLHRrHXBtJtGC_stHbn7lYuByyxNtNmArh24Xg2kvkLvn-RkzFHRwePxc2m21Ilqyp9zaPorN8MTE9URWgRTtwW28WC_Lw-wBUYXKuzIRjVfNQrIfQShr4Qw52bicfOxgVCiBR8Hh-kwz6R4jK8Jt2-0p3gSbVLfq534bxm_FTFFkWWkX84PPeBsjt5lMIRUY_xfpglhW_ljor4kkBXhXs-oOGsBlSU6rAewMhyEuDRWTKHVgD8MhVCPh9g4dP6j4sIc-_SC83kpGheSNUnQi34wZqE0jsQe-FFdmR7-WmkyA31vj1778LCyZ47NP5TV6unFbDdIW8ssTf-HoFNlghZjO-e6GOmlrsyFInCFXzLD9fzhSN7s7q_DLscanca8glMDp1xvua4bEzWQHTPFhrSBgE81CSm4wFMKRrQdI6PZtXbO9gY_cYmZVhIj8OYLUedLeepcU-RTwMMsTq4u5wGwTd56wIncb6VIfexmRYoTOyulISF3fZ7Ds3SY4gZijlMoDp2PRY4FIPswkQo7nUuE46UsvEjMDjwA3LjSimF7HrfqxDtEUQ-LMOxZXsL7KnG9DuP0cuLuUFQOTQEzQOx-lf06wcpNAlqU4YqkcAkPm0peO8VZqzR14i3AaRDryjFtMA8hvKogY6PmoaFtRsgEiT94sLdNJHlhSLSg8Do28GoaxuBjjo0R9KW6wZr_9MIgFiRV_SzxhU6BMGySnkZy_Al7Ia9y_v8Kq7ZXwXtR_CMHqNH01BCPZhxk67l7aA3fbp1T58Pn4I4xvcRbLsf2ArKx1wn5m5zNrpzkNP8GPC_rBQLeVoXfcOkWwRGJpGMTlTYi0Jx8T1IG6pTitUPtqw4jHXpPywoZ4dUv3eTeoertz6Kc3RUtkw9LXjpztc7-17dZ6tbyer2HqweNY70nmDXGRdNw2Tq5dk9ZK1MrJg9xatXxi8kDlBkF3qr8CSrDa-Cv5KpEJufEB9K1erDloexM6cn9HyqoTIMwtHn2JZv-6e8tZ&__tn__=%2AW-R&paipv=0#footer_action_list,12 · Like · React,11 Comments,false
KementerianATRBPN,Halo #SobA,15 hrs,https://mbasic.facebook.com/story.php?story_fbid=pfbid02ka67hZzz1cnyegrAtzCLRkiMeAbQge4k662NM8ZEc6XDSbUM6UavcK94HVGSApd7l&id=100064155686673&eav=AfYkSfqVf_lCVIQLGOTbURCuvYnfUb646ILggiWUN_u5AMu_Lz4I86ZMBaSGtRMdrAo&refid=17&_ft_=encrypted_tracking_data.0AY_-igN_Qi4wSAXtppc5W55M6Hl_kERMQ27RqMSUzneqvnAkCvWmtaEL0YAmni4GFNHtV67m7OO5WQqzATd2IKeEx6C-mBKCap3vpO5MYi4Hff3sKXP_Or1wXjB_kBgsQAT3U0ZM4s_olpfDt0XPUN9no4h19BcH8g_SA4jKGL1_HwU3yMYeG7tycmtqIavq5TGHhsJFsuSejHWW-s0ISCNR0SLgxAeis3zSbWf-cfsCzGumWOsb5NbkgRZx605GPUt-vvhD0uhkLpKMfUrqOu55QeqPfiGnAQZq5D3iwL7-nl57JtMsQ1OImVDjpPnuKV4B7zCLbFKsiztGmMVPtzSaRIjkDOk_yTaVdiiumd8CFLss7P67n3SUsL5sLjXUXsrOHKXcY8Z9NLHT0e4CqRLR_4j5oTcWk35ePIc-OQp-65fsQXqA4vknZ2P_7Vyi3bNNI8-lpOktPDJ6k21yALmoIS3IqeJ6rd_D80h1llOYdfOSBWsOPGK9u90EY6PD-6foAgcvBW7EmX2ngIVWw6EkVVMUtdewKESjumdvlU8kcTU6iAiolS__NqOM-2-_RmUdILaIhp8EYa7jvXXgj5-W1M_zGIdA_QjvmF049WNiNGwlhr5I_mw12zM30wvRBH2er7o_zuUBFWb0vv_vfgKBI0tAe-Jummqil8tDgtB5W8qSP2omexgGjjjb1tdpklbUhNPX3sb3aK5CyzmoYoWwrKl0NUrV_Z6-63DFDmSCn1p7SoZB-sgZR5DYsef4uJ7LloauydP5FybiIq1SISZUYy_iezuzfY8WnP4SuzIK8Ble3zgPVLZQZjsV4s8YH9OWINHTYddKHxZQMH_ohPQabuRhk7Pt3bqZJqHtP4ZG7A8N6V_qrM2xOmEScBtIHY-rxAc7WyIJpjzMraB1jerg93y507kxGpn_J8_5ovdfrHVvUr92IK4xO5iw-U511eVQGx4nRuL-WTtTnTSZj3vBeqXHis1HKxLwH9zA9O5U8SLhuDoXNxxI-ZaRFnDiJ8PtGz2i3LHpHF-QyoNqHlRSCCL1G1K5x1jprQhNBQ3zbdjv6pzB6UauV3Nlhmm9VYh-N747WdSiJCx4LzRwjInuAUTWOeNVsT8sA4Jji-o0UXpQCfZeHjgToAEhys4lQET171ibR3OltDoGw7ONywVjF06tZbITcXKgpSjBUPKstbKS5RdnGRDvBcPHRfhvyzwaZlUrf_rLRe8nG6L_JPZ_z8DiCnBI7-LYvc81sgcGKqwmhUXjLRQu10iUkhdzQ-kLoIO9RB_k7tXc0O8ee2aSyPDa8AgLcOmGj0zOI6HKLV6xKMDL-FShjXgY6KPfS2kSTBjwtTSrHdh44gPzw2Oqi-U92WjHn9EuplD2292T9ccts3P2mVMBNpFW4fqOaZn3odSr37ufcSC3sh9MvmxVxEyPwY_AKXHkP8-EvsGzB6o&__tn__=%2AW-R&paipv=0#footer_action_list,9 · Like · React,,false
KementerianATRBPN,Menteri Ag,August 6 at 10:27 AM,https://mbasic.facebook.com/story.php?story_fbid=pfbid0CeDNx9ro5bCvQqViKb6KsNHimLbh7grHVZenBZcsxYpvAZsgfr2kGGHg5rWBXmKvl&id=100064155686673&eav=Afbsxh7pH_djeBhf6oq_Kf5ZpJHG6hCPTwRrf9nibcXqzK7dHvSxqjohIT9DzXc9O4c&refid=17&_ft_=encrypted_tracking_data.0AY_55uSVtNSSTpQJwNyS3gNJuoEJthnBkH3fJsNET7XV3csaffBGl5UrZerqix3qTh_rIDrMcM3aMyO5uUQls2OkryCA1OLbpOItWwW2bP5HqMWQ5vpGVf46nvTrIe2grpcUULLNYV2l8AOk7AX0qmocXkktPWm8LG3tMMsCkKVQ71rzt5mN60H6EDPTRH60gPSXd-3xm2SXayHKlsmAw6aTryruiEPsrJQGA4v_Z8sQGJG0s1l5j6bjooEVKoOH1IksiLyaWpdGd-wpLyMkCXX-K_6zHCty-9z_ke4xrdH8NM7u8Rkd3B9p4F0s2L1iiXWigYBq3OvR1hCtM0Upufne8hRFvlQVTgwOtz_4sHowxy5tPRXxn-OD7KL6fH1HPAD14r5DHxGUU8k9MGKmOi2npth4msBghVn4g-hEA5pgSvwrGFGJu3jLAn0iZfBvEaBl8HABmN2esFKJngdqfhKLfxC0l0AwUlLS1f8PCL32KOdtiUUX4Dw2uCNHAhbQtX_Rfuuh0R-VjPSx4Q9aDHxebwLofsPiCFgonYUBxhyW05xbNxAUdB0Y9rH-tBopo04J_yrs8k1G_jFj5qofGkIWp27YQndHk-T0-IdVWY1u-pCIAAz3R--jl9B5s18MnoiYSliEwNZpocb-PoFqTwDZv8h6XexZXe3m7fIOtfKWGeOuWmog7Wqo3w0iZJZFlM5E-KfYHKFDDC6WwyQcJa6TjlPU-cwJMDjiZJQFQrUmdn6eawHo9YlD6K1NjWsM4ZW4T08LVS8sfGYC1IH46wbyrEFz16mIhRdJqhtMrzfemMebMxTW31IKn3Zq5rR58A_eOiB2dzPzgYlanDzy8vpWIl6YrfvG4cve-yqqyYxMNx8Y1BYQxyMGZoSS_2AVg6RAxN7Aewfk3ze_W5Kjuo_i8Evn5grBO3J_V1CcTusg913tOhUWQCX5RGM-a7g2SKY_a9bH2O5JsvIeOl1CH5YBvLCC0CoHVLfqYnqh07vIu-4m3-yL84_LJtV9dbp9OUWrtT4siYSh0F2t-I6bWs0qKSIH_1_rPVb9WpxqKdjpooZigH21bNwt1208rnfi_FkC-VZ8Djckd8fzFxSngdezLDQF9bQbKQoaK5YMoj5vKutsyk2mStJPZ3BjwoeskSRINsF_p92GYpGYSR_X8NTNHYvd7gnUt7WEvM7_VVD0FrrkjVnvXUHFBVpduUv1nVexCkuGcp39clf9zRlYd6WqAvOMZ8fgDJwUYJO1Qplo24StdJv7FuL3fsqNMBUYgufy1bSuPIgy6AKA6s2puP0_1-hbp9pBVCQSi86HiSOFpopVt81t-tqiSr_q7BYdPG0aBUTNqSibXnVafOQS91cnWFGA0uhW3wejqQ8mX9CzoM0GN7zk_WzKvoQRIM9TrhTOZTBsvDNOZlg7cNDtdxM4XJfNU7HNw3UPKmww3a8MR_M6Ztalv2bM5ePCqgZ_iosRRH_KC5oH31HeySXVUYX2YhbgC6lue6q2Lb-7YdywA8UJuoZy4KcleF08_eMWDmt-dokRKCgyFPLW83wlTY_PEy4&__tn__=%2AW-R&paipv=0#footer_action_list,28 · Like · React,,false
KementerianATRBPN,Halo #SobA,August 5 at 10:13 PM,https://mbasic.facebook.com/story.php?story_fbid=pfbid021N9ss9rPeEPMMdCDLxqw6RMV8M3gDwupgcCQimRo4sYHhGuRnscJay8h8XVdSG5wl&id=100064155686673&eav=Afau-DZtfGQ32Pip9yxs38KjwzR1rICCUzE3QzQR98BMq8XkPc6xJXkVPte7nvxSLWI&refid=17&_ft_=encrypted_tracking_data.0AY9lC-gEGKqmHAheRGMMQB0fTLuPUkgfBG6dhe_gogYhQ0bHeScoIJAr97LoUgjPaSi70tQGew-1MHaYiVydiDkGu6bQNz_wOj8aa7zEg4OYVMskCJruJLj3TLFR4HJrfeQg1gbHAYFmWoVYlthfLQNVoMsm45tYLPUqRG3Tk7XFkSu0v40LajfO2SvvA8I5lMgMMyeB296NZFwaOtwcW6btdInuO1iSwbKXsB70ORevtBVueIkiKon8dIH4nZobyvZXoXrv0oUZFKPEOLTDesy08l8MfHTKVKvuvQ0QaKzoFM3J5-eEEU7cK4PFI-hau-MzEH9b6YaK88UsoET0qCdDF6kfrvmPq5rfVXfNPeRly3Nym3kWWYZAJp5qCcv24qUWveG2XEbMgkDEKraluRAyJZUrNtEhPmWlyrQFewlzLP1Ytn2KQ3YWHJ-7S4xern7k3w4wkNfl8p1kMk_wXNKpWqzLqlxkH3wAAS7WTyyf_zW1VpXrNp63UCwnwNiYN96wIYWHLcUmu_pgpyySUzVmd-uE_FinLOOmNaVOS90Ks4K_nw_0zXapRqJFY6yJRxCd5blneW1nSvneHNYR8oAYRLsTj3MSHdsonA-hnbzPOO0_t2K7pXTtOKxqsza8ETYaA18mpOMZNnXNtJgMWXmq7uh7Pmt8Ss574CPb266LfWC98K-10lAoGYLamQUfRDrceXhYfFf3mOJm9W3hG1Mw_oXH5AVDlLgMENYA4HnU4diO-8N8XeHDe4-_5kzFLQrc3-qYStEBeqcW9MWeuvK138r2sUpKVnCqAVqMz4JzIzT2HS4oOagu8mUUUGiuoSLXEYLWa-Lbh3oy3oMdBeDzayLa2zwZZvpO2ZmJsJQd4ZdHEvJF6KSaotaQvaCGVeZqqrUyJfeZ2IcQsdpQOHh9wGOr4wARxEVUkBTMOt96PIY3CWi5PH8pqGURSlmJT00e8YCCw23GcTariOwgWx6WXIv1e1dBY5WMJroXoljiwHZjPKmo3frF2W9CIk24AkRhCkZdS-gikq0rObdCyx3-H90UFXPdbje0F-JtxtJtDv9ZW3fpRwno8_CSWwsjRl_fso4shOXBNe5gEepKI2E5DTIu8uD22xGqFwL09icGSUGKx0Wj8HJgg2cvwHsmQvEOf8Z_RmE0n0kk1iM-grYmJcduRV6pZwBij6LIja5NGWXU0AWYAsnJf9RFlaeyfOlw3aA14QaC4MzzLGuXHT0W5XUaoIrlQvWqmBeVF06opfbgeVKBarc7Z9A1KF_aJYO8_YWMBjqn-vE3H4c7lajWIPjgMOeB7Rqt36fel3tkJk5_6sKcIaq-3S5XiBJLgaIcCkp9aCtCuVdhXedDmRLD_ROawdBhgKNACaMVM8RT6KYhpmrS5Yuj_NwJYt-VLSFree60vJdR3lYzfEPgNxf9cJChAN63MPIxUh4Shn_8yLL3&__tn__=%2AW-R&paipv=0#footer_action_list,19 · Like · React,3 Comments,false
KementerianATRBPN,Segenap ja,August 5 at 12:10 PM,https://mbasic.facebook.com/story.php?story_fbid=pfbid0WxB1LtuGYaACC86b9YAwEA64QsA5wJsx4dnm4xnj2DWvwm2jBg9yj25CbB8VznFJl&id=100064155686673&eav=AfYkMG-H3OLgiOYnZfpJ8dRUIfO4wS63KOMC9TxNSvuY1E1N9Fnfhl9LcLZS1Qq6pcc&refid=17&_ft_=encrypted_tracking_data.0AY9Xjwf-8YPBtWZ4H3EhkXO95ohzezBdHlsXj-FzjkM6481yX5fihFuvUnNZaabnp_ncjc4M0dK2NUUc2Y5_4r1dzvSkC8VmaP8vY1PRP-yvmDEJkgGjSiu0C-EethI2EY-rgOLo9nSp0BywcqrYEl9M8sW2munrsx4wmNxYP2MY5FoTsfGJckLFRruxw6tWPG8vGOPxlx3xPnJdv9PkUnHrcgdlMhbR_KWBWIq18MQX3osa7mLzcHPU6vXBmqG5UvANLSmsBLsjEYKtoB_E2glDPscJrojWp0AAKWZEaTKNim5I8zGgCxHlvxt_dWcx_4Wlr9Q0tsvKFY0MqxNK-WKBkq9mjUqjqe9Shaq5qYqH9ehc_gpXWNZBTxLtp-DwvJHuqXIUepY6K4ydwLXkKrws6tH0rbOweDeQLkLPn0_Rj0euEKBEuT_uBjlf2GE6MEfQense4mWrt3nFTLTvnd59IVlfosV0fyfhGZ8gUGQZUvWad-vg-ynlG1a1B_1QZGz_NR3aWpPPNxQcOfDnNWvkS0R1gQVoV8o8nI4a3r5bbYg0ixiMy_NXF9pEtjcsmKvQNY9IvuOiBKA3-QjyjDaUvdP6r6NM_vkLmmyFT2SERKpQdiXJDE582W6yKb9I8-z9JMiTVo0UaUO169y-BUKo__xrcmr-DaAqgAaABDSBjOs93ObtMEy-_jhyauVaQcyB4JTuhFN-nFvM4tR1w9ub_YsSF6T2FANK9Pona9hANCWhTBlt2Sb71Tp1Ov_CPndzVqIyGgAJFkEY8ndHI5oieriBVXBXFOBjCmzMNaUKURfQUKpcJhOqunFdGQ3FYQSKPrdOfaCPDgdhS-_yXkRfeO-QH53DfcByqyub0zf9BWc5eTj1VMNqBoRppJhbLhBkLy3E-mGTKNudnwOCGBmpXS4bsN_LSUKMZ5uDEnIswRq49RsAXYK0jq0DIdcEKKuraZnUGP48Y2eK6aM37m_XhrUDWfvULqf65nvVVORLBivKZ_BRFB_WnlaoCxVIxZLSxvPOD8GdQQ1gPkn_SSXMRTxGod6E1Kje4uRkGBduQUqERSaKWBuu5HQP3PsjZNEWX9XFViXPQUgebynm5CBj5CuWHY0oZ_3k9Ehv44v7lIZ0SGv-LEif-lEGkGL3cNThpoxwtJuiA6SdYa4QhqXlKoENLZ7JdVs8wMT04cAQtU4WnHFAvynYKAsts-DlFMeCkGXjeT-gLXm32sqzaOE7hbFTHjVeCn2-oygOzjgSoDxa46rSBKUsz-txfJTBZZTcI1azw70y8fdAl_f6cK9umbgfTNtz0C1s6yFw0WMV_ZKcM0XyJ1sGyivrycbNAyzSKzB6D5DYloFV0NWiEogaTTJBAvRcmyoq5RCsAerNS0sXcinw0nggy2v5QD6l2Ef_vS4&__tn__=%2AW-R&paipv=0#footer_action_list,37 · Like · React,2 Comments,false
KementerianATRBPN,Halo #SobA,August 5 at 11:27 AM,https://mbasic.facebook.com/story.php?story_fbid=pfbid02QKrwnV6CBTHwgfn1c2JNFwEt4wgqmhChgZWmienFLti265JUGKQc2oNe2RccsV5gl&id=100064155686673&eav=AfbJZ2msO3ET_lE6E4xNpIFvNGrGB6TQA9xIstI0j08zQDJIdhJxbsjSb89AYi2ZXr4&_ft_=encrypted_tracking_data.0AY-NmrnNVdNdV0CPHRXFi73LcULbuCvbsMPsERMKuhk_4AqQkwgHhuDC9cZDzZLkhw5T3q_-46stKS7ZCWnra_Walsqn76uIKY_HsHGlp-bWF8QWuLoh536WZzBjW_p3bpy5W9poAEE7P8ym59M1MKjsbwf63hfCwKYx1YHH24X_Q6HgaCnBEc2xTD5FANyBmssxjUZ9W-oSeZggFkdJpnDM8f-dDtoE81d75rS96XB4ZnagmjFaDkgIl-jpL8MmsgoSiDWJ0mE_qFnQ7jKKSSrMQuLjWgZ_qvvVViKc58dd0SdTFm_HupeKgjOg6GLsVuKp341IQOQ994SBsPoVJBzmkBdDbn7gDhLNTf5VsBVNqFGiVil1L_tSAveXnyT6m4AqTpMDBvLzFRNkCFX6uZi8IfWfIKluzpz2MCFBa9zp7b9HRP64zJoNOHKolg5N7FRW-vOIsSj2KDWIRyofUGFND7Leu5ycZx_luHXvxHyXTw_NyaFqW23F90jT64FuPvYpfbnJbnwy1djFG07BowfMxE7ahk4kaK8V1ayTD2HmC8ynG5IdvAwtdYeDkO9jbny-WiDGZKc_HXrxfz_fV1Q_X8dZUMBpjnP8uap8rO6P5C_hKHhwUeoddJrkOlBG65yUSk_GLgd_cUbFjkHJOxLfA_29MYcr5nNa1Xv3SZJip7DQYePV6m3m3hjDsKzU4vQl1TEBFCLIP4BAmsTYIBm0lW89hgywH9ntSML4BohpffyERE7SSx2I_aWnlCDhzmhz4rZIOZC0uv45gw6AP_MM875qfSRGpwdqV4-EuUxs9W56VoKGLe675IewyLelacWf2z8cxUcc_DRbMU5UMoYq8F7H9T9y1NhjtKloYl0zSKfflT5JWleFmavmkOL7t4hQ0iTbFB26d4_s5tFTB3h5sOgmuPj407wMfh_0GL763jWLdqSJcQMo-kPEAAn8FnZS1BYtOCG1h_5DjjjXmjy07TaSDlq8v9FC9Hojv-jKWyQffg3TQ7I2S_N4EBfyjMreDytpGLpoK2jWtEC9J-0au-jCdprYIKLPCnAgep8adCwZ_Ze4wi1CmmuyOmDCJoAN8ZIiGS3eM0sWqUgZv0BqGgVNpPTeV5RsJJeM7bceyaZhKOR5bBAjutumy2TySOca86SbpRo1lGwk4UNF0nWdDZYEAdQ4TX9dtaPj7MHfafXkR2nKg9XBZya3BcDN-Nyc0laGAHJuEm0EAgNmDXvRiKb1kSZ7eP9MX2YfSOvmA_u4XxFcIsH_KvDGmGgtNql4-In59a1G2Y4KFGxkb-4oYMDsV7qqtfgS_a8v879cwIGc0Uuisp9F0M9m4MJaqxto1vBfmiKA-z8afFYfFpuXtHtsPPggkuAID4gyX3Bf3gechsyiRlT5wk_zLfaNvWokiJrBG5NC7kB_sZwFZiViYnc9uX6fMRSbaEO_gtxIqryu&__tn__=%2AW-R&paipv=0#footer_action_list,22 · Like · React,2 Comments,false
KementerianATRBPN,Halo #SobA,August 5 at 5:27 AM,https://mbasic.facebook.com/story.php?story_fbid=pfbid02iz8jNvWkKiCLLAXYuKxJYEvZzi9XwYAtWQHmgMFseMuDvCcKbzQiuJennKMBfM8al&id=100064155686673&eav=Afb4Q-WzWZ3on4cxSnB84euaTmruzcO6Sw-fEzKd8ek2QCSdbV3aO-NNY-ZLi_lcBjo&_ft_=encrypted_tracking_data.0AY9EPfMPxIZ1YE7-k3Vgq2gpcKtcXKNjiACKv1EW6ZrjKIdEvKwC0V4E50KeN8Q2qAPpVjE0jPRJL35s0n_a7_lIV50d6UjAkeHwj6sMXWQ5ITygr2nUYR_uHFma4zOtUQdEgJA-HFPJKSdWAmoOJB39vs1KoApd04iajZuoZJC4EuU5xqttd8ZA4h_LDZ2wF47ieSVkDa5KMXde8wTiQ6YyWyuG09yQ5yHxbCXz9LWjrQKnHFOsmcYYfsqzzdeOvpTcTXxib3UFhqgzUfH-Tk3T2SXVitvpFenDryTOArY0EGt5k2ade-zCAQozzLzpVw62XDxu4CDDf237WUYO5ZV9bxI6hsUdDvR4QEeh6ObNQpRry9q9FDdXVra33xIe4cR1ELWfU-zb_EZ-RfKdd0Mwd5LXfVsiRZ9J_j9kAqmAUu8yKTs3yc8hFUWdi5rqnlkR-IRDcLw0hwJxvzag1iu2J4wKOSVjdBw_-RUIXLHZxNWoAxIHmA219F6qxkwxfAZmQnUbebFq3YrzateEjvjt4q51dKnSEq0BYxsGBcV45BHaPUmiZmJ1TtC27RrPxZy886eQTmZzCcgLvtvAVtFLT0xa0u-hRKOytepVPtPx-77vqSkx_EvV8r0E2rDsH0QK0tO-QvTCu7CBo4J2eORX82BZ4gXYjNzvjwQz32AQeQnp_qB1jV6vmOVHREEfk5yx7My0h9YOwiG2zQ1HjRUDNTu5Iuz5st-u8zn0_-NNWTox7vsYpRnPhmzsGpkv5EcTWHeJjEAElMYqihYJf8dYLWkjIb3SHRTgN5Lyi3qc3mu1bM_nyW4P3wpc7gztFHi9EpwulE8psINhW0l6i4U7VoiLCOwG3zIKOq3dXFMWzALw-q1F7ES77FT2laF0HUQ3qYjednVdY5Ekar1oYGN6w2b_ER9XLVddNroLyM5O-Ym4JKrkUjmxMrwWo8qiAYY_pWGBi8ZtPA4kzHkRbO1cDuqHy2lKhISLK3zySCmCYF9pYZIFe5HvS9dG0O9PhZ_KFWmdot74sOIQw_hLKh7IF-y8xC2h1bOt5mrgmy72Mt3wEp0fFlp5pV8ZZm5N3ggOfq7BT4orech7ogXJ-L-gv9Xx0RV9nGLWfxCbnICF-a3cQtsuQ8e-TFK0OrqGke7dlie1kEKwFrj0a27kH8QH92x54CTPpmfr-0nnWgcaHI1AGR8QHw-m79G68wkEcKWS4ikjF4vduVVj-SXllDV0OlTuy3c9kIAK5N451fbR_skex8bgnj6Ck-dBFChhcn1KZtodu0ywd4_9uBNtvnCq0wgn2XR1Ii0Gzo-1qHos7DPXVmPDWRNitfqrlHh64SRy7HG-ZgJjVC8QQJ9WT5yREhy_rHAmK9zU5YEBZlMcoGYL-C33FndBGCaQ6xRn7Xghd4VdQNek-W6jYW0pdTZKh1itEleIWp435ldIsG-Zjvg&__tn__=%2AW-R&paipv=0#footer_action_list,20 · Like · React,,false
KementerianATRBPN,Halo #SobA,August 3 at 1:59 PM,https://mbasic.facebook.com/story.php?story_fbid=pfbid04KBFNX2X4Q4LXQJ4UjiE97j9ouEem5p1XoEeSsiMtL6KyVPgQpBTWoR8shXXC87kl&id=100064155686673&eav=AfaY1oWWVVYdsCh8OThtwz1h5V-rwdXhiiO7cP5gnzm9EeQzlsonTRtm8mYOpvKgPaY&_ft_=encrypted_tracking_data.0AY86NUGyI7Pj6dvl7g6vqYfj6xKkOCD7Fjnor9WmkFDpdYOkOGxNUYYrFOYyXLtMI0-P8BoX4vX1TTxfUPa7btmAXEllw0sMjnRO02ZERICGzc47RJT-9ud0efYgjMsa6WLAtfLO4WPIjWo6dahQ_lSi3fMBDNQBZRt3s5K7lAX7DZtnMRg9M-PcqLW_lhJGZVnpf9NkftyepYxFm3F9zo356JbI8dFc2W9pjpRacGBq6bJJThos5NIyWbyTt294AZMIxbX--pfOUJhbSMczkwkUUgKLwUB72V1oZB6nS_SNWSBk0fj_QaCFBhPQA2PzRkrajbnbwR_3VlDSAIfPGgNBpZp2XgrH76Kjvvrtm1TNMh6rq0ST_Q4_J78GLo_d1T8WtjdR3f3rAMiHb7xt6oJrl13xbFrmQCBBVz_BZkj2mEjYsPxAVeTTOxWOYLiYMVEKkZ3qtf_HpVHd9-bEQc6q_S3BOlq5R8zGXc4EUCrvi1hQfLpKFIPicj0JeokcqYoUzlywbxzPwGIsqHhX8J1Fc54sTkBYMHFMGGNBh4Djq4DzgFYNkbuAwEMghatNVsxTDBQ0ypLUZ_9tJ6i8AkR81x4GGFEFkasJHEuH97bJFgHRmPE6jWNfMYLWSUrwwRFdEpriKPVgaxSBEt1FK28x3KpiKAstAleJ5lsj6O9qbjRJR_AV7dVEF-MCtnvLmCQ1GtCrfC8Y8K75OVkSFIn5CO8XzT1mHwB2yPIHfNO_oLcj4Z-XwXe73RC0j3Bjy2qoNYa_R-FcCIsqVDlLYfLf8Zv_r0QHNuGpGmWPAOKs4bmtizhPiG-AfrV4FYyyp1lzx-HfhQt_uaHBHa7omb3Xyu5eQFfZzvDh43o7HzTX371zGhVrlZZrgF83NDPUzjFmbLzXc5NuaA7t4mhdrvORqD10TX3ntOde0yKBtv5IXMQRRQeCwJV9osggAhyyQEZ6gIg_GSUaITwHr7bYsiV-TJjRvSIDj5db5XcES3EWFbV-cic74fAuoG0DDxGukKgStCKGYKkVTrE_su7F3oyCtNKr0lR9ah_9x7Ce3_ZLrifnk-jdut7EZ0VL79cWOZsekD_7h9MwKaV2Idg-kDaAU-mn2Wv0tRpNwHxvhoAB3WgOOA4VuJsnh4i_PbCFfLcKac0svXEw7JwCJ_0O9mqWdvpKArGJm6kY4eT1XWMYYd4ViTA0KYJafhSChHS1--qahPbioW__wckTbVIZwyD_BolVtgNN1RgJ0jED6bI4NsaAch75Tv5Up1EcR72WWSMp8L9MMXcXz61Qrk6Zp_-ttCq-pY-vV5MTsNCV9KTaXBAYbj0tjRTnf2nmU3M_AHZSKsbTI7ygGprlViCdQByXlI_fJX7VEmoLu1ZJS7DZoUukNXFey1Untuxh1PhjbuSCf84G3ejw27yJI77VhgdAHjxuZLR5uYyIKVS4nYLKJt8X&__tn__=%2AW-R&paipv=0#footer_action_list,27 · Like · React,4 Comments,false
KementerianATRBPN,Halo #SobA,August 2 at 3:19 PM,https://mbasic.facebook.com/story.php?story_fbid=pfbid09XFdeLGEmjQyBtTceN2E9P2yLgn9yhxdcSrQDsBXyvQVffSbz2yUopgxiAiPvmwcl&id=100064155686673&eav=AfbxAwtA2gUP34_BN-ue4gusNrss6y9CsH7rEIlRdXSnHliRvBdlpAnckDtK1jZvZrU&_ft_=encrypted_tracking_data.0AY-tUZO0H1wCDBkGXNpbpkTgHf4zo14j3FEHs4xOesxUNwLndexiSUtRdhxeI9vBb9Vbte8MXJsiVUak8WHSPUcXMI86EDiYjCOVwf-PZeeZhU1fTTXxzyS8nlzfSzUL0oOgE4oTP9S3OnKe8BgWxNw5THLX8HiQ6nrq_dWPAquRj4621gpwN1n_SLTjk9hbhqu3EScmC5Jwn10lKg5s6TXyrU4kRMCLcvY2a86VII7HOM4b4CxVrbjOpqI_qQ_XHnYaIV6ei6LTbDeV0D6lAJ9J7x_BgsL6Zv_0zMwQ785FaJANVSTya8_kLqOaSNPHsjZ-a2UwMkDLsxRlOPe-pY7j8O5SSmAhakC4osi2L8FFo_cVQHJ9NSV1uH6mGmRX7qIddNon7R_bj7gSvfOvTV8-VQ_UMyBRGYtSkgmq6kWl8JyJxVeUSJZgMP0T9H8TBp3jP-JGaBwftOer5nWF0VKTQLeXq5qcM8qo-HPBp1PKYvY8n2waIuCLX-JnJd95lcWi7LimxS6Nuwa7QM17TYhzEqzBjd5okcH8yp8nkvRkA1ekr0HJgANxXvoB1iwqTne5m7VJPClssv-RzM4DfOQtbs_1NCnGKLH4jFWNYt54Gtp0DXbji3-Np4PwJTlcT_aLGVMTRNvwnGHnWsfwsPwHFPppId9TUisvc1WgrcY9Uet2_K124R0eexJ5kxdim3QLXQAV3a1hR3jCIL1q9Kt0ql4m3oNdTXk24aPnKT_4rp-NTBWZotuyNcZJ38bBPvAA8mluWW2mga6eW-hdnKl4an4mQRCYBN1RSLWM-FRkjhcHr0KIK0DRcKjMkd9QymmWy7KMteE2x53WVZuUMWM8Knc9m6WDnJSLh9kEScak8fcELuXoWNfLiXI-_ycYD2ofF6Iiie69Daee2jM4fgh_m5cZg4b67m68RbDM23Q8716tqYWQ90pT-HNaca_gLpSbQBFkpNedMrXczwd3iI5io2pdPNpvpdGXsIIkWAiJUvl2OPLjd6TQilCwQZoCrvvGqi88nt5Z98oy3meV1tI97vhf-f66ylc1nhaJNIRYhYVwIwvlkaE7Mlh5SvEwRQXmfbJR9cU7ap0pMfVpBY9tBvyjApE6mrgc6eJlAe7BidmCinPAOg-0RBUSe6RdCq92qQ3B0PIs8XMCFzuWnULBZnw0pQBoG--pH8c6Q6xR87GaQPcBV6Ipi5YApS4mQccPPe94oQJmkFvu-ymwDIQwWEU-o8OLUF_dH50YXBWTIFBfvo3ovhMoxbTrxkGTfnsIxgxvy6UXpZkBpJkwrQXB3Or2P9tfIgeprEPAnxqo4sU701tbsoph6CkhRrLSPa54HJrW0Rb4p4xnxUq45WCHBMGckqoQvUe6kiZbqFcSfLqoJezfyk2TjtdDee4If3ELpHTaHnFVlznNmYCxnxmK42UMsX111VjN1TJA4mv9WN6m&__tn__=%2AW-R&paipv=0#footer_action_list,28 · Like · React,2 Comments,false
KementerianATRBPN,Halo #SobA,July 29 at 7:05 PM,https://mbasic.facebook.com/story.php?story_fbid=pfbid0rVSqGk9UPvb3ho513Z7soqukswuf78hLznjLaQrSc2wtNJi2pHc82cjof6Csf8Wil&id=100064155686673&eav=AfYlu3ou4CxI7C85EsQGURh9w4LbP3AabcLwn4DRYar_bQvykYQsiSprWUH17R3-jVw&_ft_=encrypted_tracking_data.0AY9hX875e_T-_-qFtUarpFhJacP8G_cQS3ZAAJ2ezjJj2nQ2lmnCZ0_fbu7dRZhLGViQTBTbgOkZn5gqlvjFdxvYdx-sIlvL5wm7sV2Nwu2-YeuuMNzBpvsmacV33t5-BpI5hHGH8_jS7uubmXijLc92Yv52HRy-YNCJkv9fdwC-8Mkg1PnSwD4g8NyQVYYyPl6luUd0YIW4_-W9xO4fLaiGjTRAAe0MyAd4Y-mUSp_SNTnXLYhzjdED5_Co6vz0GylpZnRZkAVz4kmYCR23V70-TsWQqmL2rs8TtAbzJatCH0TYkQuWovotrR2TRgjA2C9E3mgaI2pA2GZ5MsFeaqSeUTvh-9k1fAS1BIAJEf9-oYo0wAfIPbml0gUi3_AnQ5HDVzTAiQ5TpgD1C-DAKJULOtEH6lCvVZjlZx741tI36q8fGqy70CfzAshGPr1VEqG7Gul6c5smdlidPVtUkxMMcTIL7ekLbPdHd6RyNkDXsTZ_Xf3on7JlHEQTeERRmVzpyhpFKMX015Z882mK98OaRpAo003txHWpSF6MmtzhrWRmau6vbEjLubNqPBiMlxoE5FXmE4CKn948YX4rzcl2fQ6Fz3ZkRn4YlqlkMUrDmOmtDd8yn64p8VzlUty-YSjkPciHUirl7Y-33WQgbpL_YGQoFTuInM_05dU8pYbgV81zBGF0k_XRXeegGfq6EOqUUMyAobqAWcGYQDBZEZZj8ywQaPN1OynERA5Znz3TRKaaueG5N_5hjcrZ8tyXgdmliGpvNG2hTA6PcnOz8rW3kd0-050q7h7NERHXEd0FaBmURsawO6Pd1UaG3rxeqG9G4vGtr3aGOEwfgqRrHCOEY-i4zpsrJao_en9AGY-DYFXgZ69WegKlzYpMUt0j85VOVttKvIASWNnrDpI09gJ4zGDSck6BXaFk9fc5dZC_X6oMLw0tPc2_3P3uSZoqrC1F2M2iXnGpTeldoROtAof75j54uDTawydkQZ1cFTbqF74JLwvuEhumrzd2_RaoDcst5i_rzOdCYHXKo_qlBwyrqHiu6lfqkGJvK8FYlL8PsvAgFJUePewHJ5Nwr6n3Ax9AiOknaEmJOB4QIxljol_mgzLWhl1SCwViqb4jKW9OP-ZKzv3ItrTpeigN6IEFjEl4TcFOwEi2GQRk1Nj-9a0h8vlzEJC_gBQxmth23iQ6-TYJG2Y_hJVfrVotjXNGYDLDdmz8WqsbSBIFV45Nx2gt3P-G2CR5KwycyZmoci_s-00kHR8vM_mlPwyndzd7dR-rrpnwm3Yv9jSQ1Q_Dr83TcJEj4JDJ2ngP7tzNsxgopCeHUwzvFpt-kvOK5bU9voqI-1oTRZZbdKA5NBhR1t6x_T3oXqY-_yWVBpX_AMF0KhcM_dwCBBlQGcEx1qTM0fqJNFb9&__tn__=%2AW-R&paipv=0#footer_action_list,38 · Like · React,4 Comments,false
KementerianATRBPN,Menteri Ag,July 29 at 3:06 PM,https://mbasic.facebook.com/story.php?story_fbid=pfbid02YWAKJfuQ69yeLu9dvHnsgic2YEVQaxd2YqxxL18C4VX1SVUFJJa4w8UbChXFLmLDl&id=100064155686673&eav=AfaDXeKkSVpURg9qoZhOqZ9AgTimDXSjXaC79WXS5msXaWwvZmdouG6SJYz0_QQ7D9g&_ft_=encrypted_tracking_data.0AY95H5O2lD7qkLe196KNiS9KExu2xZ0vPWmqc18wDWwHj5bXItj7eZSJNdLDb2GVncQEXSLk_fyT9-rtteZ4m31QkPGQwDKS-3t7wL_vxLhAlY2CEq0eTJQ-sSf4suzyEA0U7Ev-HkCA1kHINEMIi9qvxxkqkUzT-RgL4FtxZv_syexvXgIMUYzNGhee8JVdOrBPf1knerLqKsnpimeGL2_t__PpBx_1CX6DwcntPVoawzf9bkpi1hBx3RxoWuSi8F6ziO7H7spTbTWQ82x1mOfePCi7v3AtcQask49K4jARkjBwbismUY98BegDguHStAiuYlGXJin2Dl3Btyblbmp71oYBSgsx6K7NWEll_10hIqbOLkB-dTOOwaziUs7KZ6p64huGb75DmlEa4BS36WLQUpXLRfnaM0_mwAuX_zIqfvjF_6eahcVEIEgU-AeaOIisd-9cWijFl-3kxNKm7IzvC3Aypjh2EKDqv_UmGSnDkmg2gpvL-UazokdCH6MITiZZrbDj5-gET2qqQiREcE2j6Gm35do4UdSr-5du91U_D3TX_YLbdmaJE8zV1Mt_0WMD8BnpXeabdRaQr-N6r4__Tpphbm1cPa1lUbPdH4qNO-dv3Z2ntoh6ZNF4Y4Hozk9z9b1Rv8fDy6Bi-FtOxGVah9XM1Xi6g6mJSqJF4TSBKjXgC4ePzKyV2bEggEgN3THOnQrpkA48wwiznHHPDAoaPDzN34akabv7B0F32i9JnUkYOlk_5z0fxWEgzhzL90QjH297Cb8MQOmO-BaDLm1UM9P-9dpP81f4xcrc0BTTeLMcjz8TTziIjqEsgf_sLOoMdfJETGotQ7h89Xhy_jTdwpFotuvUxSZwmHILPZdwjDmy--R67su-lpi_DWgyNhH5mRXMiF6BwX-gCsYwKxHbmXqHPTpAHdHx_jf2uTtHR0_HkHwpFAxOO08Nzah4VZyOP3v0o2NSrzyLmdUW8xg9f4fTzUHcNd0xf452Of8ren_npPS1NiURm9mGqOlZNfQWfTewoUqxDju4SCZJ3tCa0ZgPVaP3KXOmGWa4dRL2IgPE1F5pQ_WgpPt74kU5vMjq3MdIiyL--T_aCqnYHnbJlroHjktXx3-_OMI1WWnIyRhV-PbjwBERbTssOZAmMghxjweOZPNmYullDQJY69dBuaSLns6LL0untcm8dZHJIKrPGswogYCWQD3p3Of9BeNeVUH8PxJvJcmfilySwvtRJ-ni1AFrg57nZDYYUEdt5nFV3yaugALMHBcttAAwwS-j_z7P8wmOS60f7TQaKTGvrAqCU40zBi8fiOhOkPgKMnPzA3uFs4MfWzqVqlUWEhyRn2U9glcCG3qSiy1iTvbhu6zA6YY6U3mirpJvsGcD33_iX2agkpQrLF_kfWw6d7a2hphqifag81bMcGloeIiXIRnKrjPJu83p0CM654vKJIQo05EJLryzi66nrL0LSd_61EnwwxdPOLUQuGMyONqApPi5yXqVcbhdOCVeYIFpsZb-4ywKm2G-gmnjO4jGidVfh14tlDgdcaze-zmlIEdsnhg&__tn__=%2AW-R&paipv=0#footer_action_list,33 · Like · React,7 Comments,false
KementerianATRBPN,Halo #SobA,July 29 at 11:22 AM,https://mbasic.facebook.com/story.php?story_fbid=pfbid022P21CPev2pcyjKuWNuy3wyYrhKEEAyx8rBthNR1wz9SBp9MkSEgjAoZfktZdf6Jul&id=100064155686673&eav=Afb9d3oskIByfSXosqHBJEinBUJjbDHuaeSy7nJCv9dmF4pP07I3TxeiHuqUNZ0hol4&_ft_=encrypted_tracking_data.0AY9GPCpbapyCDfcpVukj-CR2QrM-Eumbr5M0etYeKuRGRa5I9u1U9r4SJCI5spHN6w6-lWQsgaUYU74USW1A1Wf9V3RGRRWNZS-pIIU1AnByLPOqNnvPWF93hfBaWOcJp8uitAzgDPDRQMCfRkTAzDrtWvmP6SaLTV5wA5bEnmFzbeLerSqMc7FBVxpiUEN7bLDW1pUtxDjHZzPzWDVOMSH1wfoMCjUnjRcv2CC7dHONfW2nKtwzieJTAWL5DnbRkkozP6ZZGL_rBpWT5baw6DK_lyd98OuSig_QRVeaFDO7kiKOZkUzaFmIXi80y3Ec-l3H4JHqL0DTHXWfHs_7UyT51lvsnfTzGoxnzHsbEe2m-uqp9px7Xu9sODwdd5cArrAvMKzHfcR-vLSzEqruoan3Z1wP6oEeOnwmAKyBwWukeLrmSfGrfcsFe0Q_uRAuM0Ztk31EOwfmUigXZOmmCmaOgx2eBASWnARiBQgQKWaMT3Dxh23kFsCT0NT4Vh5SnbN57bhcvYcRbrBzIgj1suSF_ZvzyeHgYKcwZY5sTl4KGJdQk8WlWhh2QCYEXXWKRJmiAkze4lYuNKZDQkf4gCg6wPBeFLBJZxqClmhhSa7E831j99qya-KNzR26NR0JXy06QBqlb9D_-ciFX8AaoZA_JiOm7duY7X4IpQvFNGaHDA3JzLnUiBI4MWfl2QKTWyo2X9sxVdg9U4BhqsbSMGROXvTumH217K85OZEx_r-jfdfbX3IZLIJDUBf91U2kyvTvxjDg1mQXl8ZZPoBWKa9DGZ072Zjbj6ynlhBeUTv0myBDpoxtgvRFVpm9iAep_9oQ5gipm7cj4JwQ2xeiHkDxlxOis9UnE3GPJRS3PCuwbtgNLzYuIBpd3aYTrq5dPi9Hprvtc9RgPdrS6oe2f7SHEwxRXL6QdXaP3YBMH8Bl-hnjdyUkkaSf9ZRVGIC8-YFTyUVl6Km2e8TW56aN4sDMc7M094DpumH8KzUty3jvN3N2uqnXj_2vIsB9e1E0XIy4tYtCtVser6_1h8NmB_Qo8Ystn642x89eCAczayYtDgfstCRN55Y86KtOPcap6hzoQgJBi8QQRSrkdIw-IBe4W9s1Wm2T02ApwrNaIFasDFWjNPmkfvH6biXVZRnn3BHF4eysIjCi1Nv1fzBpKQ_Jfptcxbc8L4MOcdJaaGqLaa4AqBGBvNN_a2OPOitFojQEvSwdcUUDXDh48NSOf2MNlQ-WY3e0QsIc45S3M2WWa24br0u3YXCzBodSQHGouiSZGdkqdREywXclPMswOGaQW3H0Ubf97MH6UaKGyxo3wruUB6zybQBTb0vqbdQjOOjyj_yJpeiUet3HtYHp1BSuWpu6p95QR1BX7st4N9AgNGdJWb1m8qGo1y2mNQ0vqswxkBSh-VTtHtMszywsw-moqRKoQz8G01JvTHmVtUNaV0VA&__tn__=%2AW-R&paipv=0#footer_action_list,29 · Like · React,,false
KementerianATRBPN,Halo #SobA,July 29 at 8:18 AM,https://mbasic.facebook.com/story.php?story_fbid=pfbid02MNwwhJvuHHdyt4m2mEiojGYUcnGrFaoyjSnAZ9tXhFK9Q2gH6b9AR3N3TfUEzgmQl&id=100064155686673&eav=Afb47fHzml5uYGgnQMHYUjkKZlTvMMqZVKBz96yqwaVH3b6FzuzcE3t0GznAkt51b3w&_ft_=encrypted_tracking_data.0AY_1gUf9N_IuaSikrNyQO-fdcFYQF8roZrRWhE9kfxgXCfxHjys6GLf5kfVw1ljqX5BgljQ-OJKWbwx_fD452gClQ0UObMFSH3VT8C2VsXUJEymrgHjRHpsebuQIu7UQ1vJrTiWdMGI2Jx0q4tLp-H4jRiBwb7_V6O4lGDWGH9qtVwTWarfvvgkY1NqnHMt5-bBqxA8sarPDgsVLoUpdxOOPeigJqNfZq1U6M3WnF-k2yvbdaOE8MnhWDcsZLlxDRMlZ_mtIR7yTtRphmQ0ubv7bj76X334GSfgr1HYzoy_119OsECT3_Qttp-ArQl1kZXaIlsPXwZHDHhMnU9EMp6ZqdFrH9EiUEfPb70GNxTqKCs7WkqGnJ8w4x6po1urO5xAq9-WRkX3ANpxsZnx-uDttOcPfCt6LAZVDep922ual54hFlM6HJowFajPueL3n3BZHFGE6P9AXD6bBQvIF8JbYGmKGliS4eYigXmu3dVqvmRHa43RJshXovT8Kc23vKo8JOrtE5SO7UYKZNdDzfnYqqJhbgTpR4CnDpdMkNrhwQ4FLJPRDXRbVtEdWA0k4ByUEUMsc2uu250TSXd_DSHEumyusqrvO7KiYcBKkGl3CvRhF7L0LSg0GulQOOWx0Kq8iRlYG2u70LmqnN3MOnRGUxorggkkkNimwvDzrNiC04hSHCnHNGazAnumw-3ESnEX7RHUpsz6nGH0-t_olCY38P0agngrWFI3apgbePqSueoZlJEQgH6_p0pSBORM-7n8qoqr4ESMSNBmF1LCt06vzGeUMMQNTxjBWB1zgIwB7cuGd8ABTdXpZFwBomAuJKxrauRfjdfUN9bLliTcRxc5Pos93V-5usPh80nwDUOq5YCPJUPO6_0HNwYcMEgSmux6Q8SThiYJJaWgYCTQwbLiujZqUdiaP0nx6hsRmWIc0yFDRCl29WUvVTjoMtmlpAuTPz37V1WUiszIswnCivd-pKDb0BtF88GiVR09NVvpxagiW0qCGXxr9OAR_F2fjM2IUHCzIgoGCue2YSbV2ttS0UlRsVEdkap73kAWgGeUadxA4NCtBhPNsNIFQdvZLoTBoeOXRklEnBzZWe5UFj347z1OEzzBhfOY684V4zQcYRrWqFCuwQT2WqStACk7Bc-gsbFxBSB1iByhiPB4lSihYvY4_S0SToH_EjDq0jTRJ4hqbhbR-i9KYUSXmpuo6iqB5Svyjr6FsvpRgtfFyxevmODxdv5TeBeKCqOslmPf2nWptL1Aw_M6m9akmSneNVCLmDX4_7uxTw4naHqjW18RbsHjVS2JGJaqtkiTsj1f5HHKCpYz5Dx4mk2OQ0hrojAtZQhoVSWkG62fsKio9QeSYpRAjcer2SOUXqn9H98qeb3XbjqI_BB6iXzegAt6Yk1vVztiEjKAw4e-yUQd2FC3e9DJO46LcHyMcDaqI15SvR88&__tn__=%2AW-R&paipv=0#footer_action_list,40 · Like · React,27 Comments,false
KementerianATRBPN,Halo #Sob,July 28 at 1:09 PM,https://mbasic.facebook.com/story.php?story_fbid=pfbid02vuS8Xoz8uM8hvbi1cGAC2JVUrMQ5rxd5aw6vPT6dVXuFKxCqCEHMwpbsRAY6hMmql&id=100064155686673&eav=AfYhFw6SSqltJYJA2xvmWiOzoVVcqzLfwdtVKNRdz--O44PquXg-6Ab2f5Gl4QUAwYs&_ft_=encrypted_tracking_data.0AY_yaZhdipwhcxNSHxXBM03-jJ8sFtTE1A9PUfDmemjTK1jyUphqK5AWDKgSe4_wYFCPJX0aYM8Cqt7Dd7rt2IIs4qbZbqRZQGIPkAJmcqGTEJpW7cAgomC8kOYWavBcWFd52-6073OK5y3YBzr1mafnS6cWBbpSBvotobnXoFlQDWaoJJkYNTlST1QHT6BIVA0QN-SqnexDSPgApyzcEpWpZ0Upt6dlzfStuVGwYq1S-YfOnu6TX6qbzk2RMZ6BLJ-aUq9LwKirR1vnhcoc395DDm2RwsxL7Ku2myi-MwkaqCEn0uqU19ulDRzJyFbmLMTrf2BcO1_jIZ4qQsluZkPyIvEm0DWJRPJV2Qggm8H3HyfLY8DpGtZRuy38kx035nYOrM3BFxnSkNG3RPnzM1iHAeIq_JUaIoR_5ADcfBWqI6RbKACJwKOUIDIHkNrtLSq0BTVJMCXm_uawRc5rW_DZ1Vy279zk78WXk_K-uh9frZXUGuoMct1l9aacfkdloQRF79bTuWrUZP_WqktgQa3PGDJVwrdxzCEbFifSfc-K1k5b9J7eEt15Y2FRWb7W02V5ePCzUCRTAkehzanH1JbfpjFkTLfgEpwWcu4hUnQLBDIGGxBaPKS3JrTjuBaNpMNfmcJxbJ8zPERgRCHD7c84m6H7pxB8FBFK2K9cU6KNaAUEMHKGCqPYQPS7vMus709bzK_JUNNFoVy9ekISuD6Lkfu2o_z5koHf9-V9pQ_cja4hjqlomlBzNacOT7RVRGRIt5NJWO28_GyJ_6vflmPTOhETiMkYyrxhNgchLtyy4VTQS6jN5fknvfRPps-fRqWRcpBZ9Ps5OxrggOqR6fndN-vuic1TbZYuVEfcjL73wDdL3urdWNblN0dyx-oyimS9VDifVG4ukJDgmDJvzWFFOaYEarNAnwZquyNQutcFhqK5DQd4VRsXZ93VrL0HXVUIpYIwiYZnu11qIYH3Zle83StTagJw3LlFctnle11nQoZGZ3cm0FWrYwQO9yA5t08T5PeII0ar9jkxRjlBVRYcDXnQUFdEjLSlFGYsgu1BKQDK2264GeynYqGJds1DnxA2kJON4GKLTZxrtwiubLbWmzVowGeFjbLUlWgQIaNJ9Af158Rr3t3yZHkNlpPfyvJ-qP9fI9RpMz2nBa5qJ7hvkhWSUWKIaBkGRcfz7UvFsNc1SiWFnFq_AldPhrqodVlAUVVCgSW9ENbTTluvRhYmDfCe6u1RleqIObb5jYHFFDBCK8U5_bi_x8OVz72eyaoZ6ZLOxFbnQwdg5gDOZgxh_Ww9MecCe1rezzjLAIqnF5PtR8n_g4vAwsrpdfKDS5D8nItSTtZjpUFxskMNTaCSoHncHjHDGixpGezvtOY4jLk2_rZJo1qIE_e1X5tN9uJpnlOmjXayC8LQ2Tw1MHMO0iFSHYbLefJA7GjjD9gnvYCDBHttVsM3xnm5EHFqQEsvhOEdpUAw8VYrhf6x0t7sPQTkP5_tzjjQ7HH43jIpMx5KGg0E1aPQiH6utftKElkpzPw&__tn__=%2AW-R&paipv=0#footer_action_list,34 · Like · React,4 Comments,false
KementerianATRBPN,Halo #SobA,July 27 at 5:19 PM,https://mbasic.facebook.com/story.php?story_fbid=pfbid032QexUD5NXSTuZzB4SVAtmCYrw6Sv4UbvnCUMRwuEdzT9L1mxuo9CXFahKrnAsUNil&id=100064155686673&eav=AfblZ1JXIZCcmPJhBAIUSblmLb-x0_cK3NWtG1l-jEZZ9w19RLBzFbnDDhMqdYMwgd0&_ft_=encrypted_tracking_data.0AY_PMFnbUr8bWUFiZ_Cv1yBWjCQ8z2sjT497p6o6BdOmpVfZuwAHn0HZUz2qzvCbUomA0wguAP2YKSyOLhLUrsS-BND8v91t9iuQr2YiUy234wEoDUD3I5TTD1m35P0pLFgtTXASR7E2ms8iEuffsH2D1tNoQJqGsOvkWSSSsAPKiEv_tGUsPR5RnpSeAeLg6fxHMpp8WPgaizVFWW4_AUGkSqxWAc4YvDMYv7I2Sf1LHHZX2IM26pubpFyiYUkQ4PV9xeDdF3FY7K_Wn3D1TN7U7xRoCwmi44b5ICV7AQOvrevKx6s_VKXRUyQi5S5bIFThx1FDLF5nrZo-5QrWROzn4rs9HoVpBepvunCq-JH9-hRkXpAGo0apimge2G0jx5uJdV4Ns8J4mfPTFSt7ALsaygwSv7exXDlJIIPZ79L87cMJJfgaEYWCe2Pi9L27JXh9xuRaqkhj8iIPxrhXpQel-hiK93iAiL7fL6u7mYFm8vIvhNzgds0MgVaIxIKpZqGsXdeQMTo4RL0eRUkIJLaDVucPOZJl0ZVoK5b_qaMyIrhDnXm4RUCb5Rlx0iZPLjRvzCi7qwHDO5Qwwx6Oo7oPFHnYS6PAvIMkxSMAKhwzxoZDS4OcQIWmWoPDHH7-1C6Uk2lnuWxY4wuq4NCbgnIyjZf29pE9PlFaLSCn2ReWH6dM8nuLcvsw9b4U-P3K-gHxmjxJ23K-heEZWEl4hQPmkbtIObLssTgbpuFHxoTHSkUtpbz3x2skyMHwV02Gbi-qv4FuTYukHY4K7ymsSBS0_SznrO-zwjf2qRjOkGJrVeT-p-q9vTThr3o4T32XWPhDQzAcgM2VgCD259DWAdzVUEwZHBOMwv3LJU9WfZICZqa3D66A4wcsMe8JcXUa6e7Zc0S1igEzCqdnSgxZ8idy4AOBGGMZZNJuhvLQe7jl1BZkLbYUSQr05sgyw97tLlO4LF0miMfQUi18VbeSvbeZaaFn_40_3X5BLHCuhKr42bPwSTuGYysdBmo6hgalQAQBJplTuNM7ZNwdKxh-6rfcQHsxKj_tJlmQUvbRZBBNYE5zEDaM0FJh2Lw14C6DD5yXvgPgfz0J5oNN9ALVBJwLvInhKiqRrugJ_IBIvq1B9GMQk9m4U4lD4eEBLy6heyu90sYpNW5a-kEtKCFyIbVYPRs5xPyeiFEYmS0sAPwRuiztjJ-2wXyhIXBIz3AuQSMz6uY15aKiyWDmc9t6aGTD4JTTDokr02kYIQJ-QA4LOK9bl3ewt1LG5wfY2WKnxyheVsG_SBGLDKuX8-p5lEko57J0UPdAsOPrAfWvjafvNYFr8BBTUVCJF3-fV2aChqVxUaVYr3bns-d2wA_hgXw5NDpYlSONBGp6Alj0s6QCR9_ra_1YQRSh2C_bxvP4SpfFGh11pSpXXzyAt7qIKoU0ZLF3JIatW6pQ323bN51-eFA&__tn__=%2AW-R&paipv=0#footer_action_list,33 · Like · React,,false
KementerianATRBPN,Halo #SobA,July 26 at 10:03 PM,https://mbasic.facebook.com/story.php?story_fbid=pfbid0pPMEjPzYKRp6noxxD1EMPhLxZCmqSpMD5TBwePTodUm2roqFCNuPAyxwjePCpGpyl&id=100064155686673&eav=AfZ5ddGpX77Bd7nySn8vDeemTWW833DKvJvc6moajQobbBEP-3z9Xrbejwl-jAUaVRM&_ft_=encrypted_tracking_data.0AY9twEYHfwGvi4s9aU20a4uWAuksTpj69CZ8HsZi_mna6erDAVn0mnKyw3cViIpT8bpzjVzQ4FHW1SQvi-exkhtAAT5UohnGxdVm2jyv9CZeb0Q-8WWsxZUbqybtjcXWG-nDa9-tpBdArTxN--RBReShovy5AW5hbQv3JJPtCGuLx8_fbt0Xj2mf1pEvw2dfJLhFV8hW2CrAbrSYWYNVPImU-jqV7jY-MQDhfcwK3vRBHHwDyQXpLGQ-Iz5g7CxMHNrhmRe9A-HpiNpE2jByhY9-1sgN9ZN1ssWDdCc7q18L62vSKDikV_S7OC09edd6P1zsnuBylpB9GziN6qM9HPRaHlZnEOEB_2gurOgp1Wt_MNm2-1V2OJM3jBeJx4wHC9UdUJx5af1FyfrOlegUGff4PzPFg6rfTgbLEgm6NvdNGhAJx2cX4TvwVZGMb6pnPBRlnoZnpDkJNYlYA5mD_OXEWP0Nkc5XNyOeKgwQdyTy40S7P8n7fDv2d7DrGLZovZ0DOkNw3lS37kykpBNwYZxI8ZiDTtaKA30DBOf0RWH7Qs0rxXxQSe72ttJIYEKjIGu_0w8-h__pQ8HOGE2qFN1wHG2zxsxehMEV5UMnX8bnUc5NDxeTvUIExSwlikSlDIcJjXqN_NhgvLLpdEQbbOpBvPjTVJpCFAXm18Du-YYXoh6kOa_-PgQwcwTzACtUXEbwfZEno1M7CAL6dqOsiJFZno9Itz7jOQPD9kxuP3yCLS3csAug7YZlfJr-OxLJ13Cj11K7eHHyxtQ7z3RbBS1FAgxD2lotsX3AbmBIogvZHbKuJoJKTJaBU_nDfV4ma6w_bkNHBq_frggkg5KMAT6bQd07iRIgCTrmXG7V-bPlqfnaniCWPnhJClq3cznsufIKXVZ3aCphUefoy76CJqq6RKrmTJ3Ttnh4yJdSznGrwbec02rrmMcvGl8lXnY8Ryytm3Gr5TzmGAE3xsV8E2p1xbJMYhyOJ4iCD1OwRvJFY1e-UU5OLsfpYKmBwWZJXuKozT7bzHFQtrDKg4Mz3EkZvMVvbspSk-ma89yglURcodBZMxxiVgUcPJFeEblGGTB-aEjvGQ-GiUFpkPLpFgQnPZHqvCrWRE91s98JGy5yQze0TCumxjX_fYOOFKS61iwLaE8Im6wyZrz_7xfKLue9KUhJ3K3aOA9oY3vaHJmgTPg5L_7XZdC5nH_3MjXvUGucvMKRCNB_-MBgAr1m6M2eGGLxivX8foDq1KorJ7mmL0rA_LLWQkowfOgi8B3wKq-jjc-eKBJPRfHeaVzbu910vFpSbgjyqot9jfr230OG7NzzEe6P0AT6eKuBzcbFM2XfuroZKyJOKnUi2sD3QbTnulNWRj4g4h8Z7JhPMCJn2Bvd4ogf79KQ9_SiB_p8FWJ9wXcKSmVlJYToR-oQM_FGpz5Xv-EWETrl1SomrT1ixnb4&__tn__=%2AW-R&paipv=0#footer_action_list,32 · Like · React,2 Comments,false
KementerianATRBPN,Dalam memp,July 26 at 12:56 PM,https://mbasic.facebook.com/story.php?story_fbid=pfbid0chowp3ckiGSpdB6mgGAjb9k9HBHNFHLaWC4JEESEXhuKJghBf5CxAC5mcLBAQBTjl&id=100064155686673&eav=AfbBAqY-hIyxk7EHz1JX1I1pufxAbCySuChBNxZuS3TUURPAveWHMYkfQmndy07hKZo&_ft_=encrypted_tracking_data.0AY_VmzSSMgz535tw6LXNiNpA2jXo_9NhEsOdbENSxiXIP1XzbBflq-94b-WU48MnaiyXozNRuc6tVpYaOv_RpUCOINAPaagnUO43-sSilqeC5QsU2dfE5dqJD4U_DaeJ1ZjNtYaICtIsduvF6wAZEIkjDfm92Wpqw_cgAJV6kjqqs2M_rLzdno9CXRVKA8PobCksnFvWZ_EzKVt_HHKBRZ4H8pr8NWuY0zQ9Nx-CwrcHtXkS-dy1N_61Q3mjqGiIqGRu09rn9eQwwg940DoO2O4mCalG6ZohGproixsi0sIDGH06mIXZzpBprdt7ISnvEWwTKq61v3-NikbcbcxEkOoJ7s6EH2_qXthF6hDsII79SeHIgwoF5OWxy4m-Pd40Ga4kJZeAa_pwZT3vqz_a6T3fv889Q6sSAS3kAFYsrAct9wc5iqYq8JPb7LpJYpmLrkxmzz6YiJdQKEeDxtjyokpSYtrMuYp_6YlicyGb7rwbykMSq-53ps6piinw5y69g1cX_FDhwh71PNXfJPBWQffWdrNwCqhW2sFVPxu4kcfdYNyx2J_oJZZZX4tdFyyzfFbTkvXkmPBhm4EWdNZ1w2EK_gd6JSPodZimPzKX4Utld4w2tW4wn0hK9neDtMx4KZ1YWy_gINmHN8GyehyeVLxjP95RUPftGSAE3w9X18xa9y_ci42SMNflseqGyzd7aZHy52KSCPoUi437IAyopSqHy_sM3DlNNGrJDCwGo7EE_V9U4SnEKxNfwLfNlRAI1FwyxIODuxPHrKXeHppryBM7Y5QK1QWS4rHKezDuTSGpTf1G5nDorq39itqa1Dw_20i9Mvx2nYdcIWxhECphxsFva_xGTt5dgOuaa6W5YLFviSCdJ-krss_TNSDYyulC569U3N4ZUiVHtcEvkfIG_4w1XteZ07181Vu2dN1Dje3XJZghwceLtwAEnBP-WImI3ES73lLq1mf9wAW5X4hog7EvbyKMnIkjlA_DUql6hQM11CZQC14vmFgmV-4ndj0Y9EEn_EHuOBCunlVYvpyGIR_4kpwPOpNU1ALdHtXkep47FkfNpfBV3ee49IbW5PqLTRgcN3er2l-f-2CGThV0-LMzXlAIE2sxD721GEbC8nAdkd5R-yihUa-K7fU6phjSYO_v7TIY-ToL0MDPrSstYMML1RNeZI8fMMVqvmXT0g-DORM4u59xEqz2T2cd8hH0ReC_8UmaXgzgF18AZTjOJy7QNIw5HcldAMcs2kkvn46ruGFYeCIzyb7YcriQxh8WTCPcidU34Ig6GsSuljiD03v86kCYv4uKr87DMwGfAHuk0HBo_E7_1q8ulmhI58tK5nbKBKUoGi7UJOUZZynBqPvijpFCOrBTc0ePx7w7EcIewpIWh4zHJaQms34c7Bd0wOyLhVQSDqNMauaQpoI8o9AJ_mTM6C2CFEgLaqJ3c4mr7ERxSiL6MOkb3mbgQoBQ2SKT_u2ycPxMMTvIHbW42u_HcoE2seGkA8q-SPm6HjpH3pane8kSGIhDrn4tRQBC2kC_LBOkPP-TVzR2I7L2jevd0X4&__tn__=%2AW-R&paipv=0#footer_action_list,30 · Like · React,,false
KementerianATRBPN,Halo #SobA,July 26 at 9:14 AM,https://mbasic.facebook.com/story.php?story_fbid=pfbid02UhSa9oMjqoQVLTQ1PSJAmyNn4XHfAzRA8VWE3RJjSNCmDnpo4eqbgCi4XLhZJPVl&id=100064155686673&eav=AfZmS5cESV4exQmhc12HeGcSzEFVPnGspjpDHNlmtEUddLnhItMYpAc7xdrB4O0fKCo&_ft_=encrypted_tracking_data.0AY8V-iikHEL6gal7TGyXxW0ufQo40ovJ5styuH_MWCZukY8RtUgNjffSUn9iE1SVzFgZWRkDlL0Dn5VNsZIdVLooGuEbvWR2-1U-cuyJ0tVcm5TQRFvUk53xzMAkwyF8Jb425sVKCOJZOo22Wu-O0tnieFo-UwcJRY4efpfiuawHtJDdMW0MO8EK3dRHzro6eJMMVOBsEqq7zTkfISTqrCC2J-2cjbeMXUaX-JpeobNcki3MmulhT_d6E9VpyKzANnf3GvjA4Ywl6wBtf8RNp5vSqdCTA2aacJqjbbm3rVipMWxW5IK1x7cPGM4oJmlgAsNv-xADqTi23s4E6BygzXYZ1QhN19pzF2kicHtof8J7bhzAd2SCX0l23ChR5HpGcxOYQvSjkgSblKSZr-nVROP3wIADZwYvgr15vxtzzdbb2I9sz0jvL096LOJuTy--Fff_SYDExs8Mrg3GhO6hCLiUE-Keat7wfTxjF--g0cfREsLkj5_o8bP2WPpUPvTo3NlUyxlZCZIJly7jXJYC7-xHQu6HbsbrdwKkD1KiArHsFDwNepCYYzbiAPQ8lw5mzWzqrqPGivGw6WHH8H_8QtYF_r_z9R-aRSWLZRL41buA6OHfTOS5SJeLnZ3jW-UnEJ13sId5yF4tPmzpPJkBWKMJNc6B_g0Btaic3NvbW_Ya-a-LubscWPwH0Yhrl0-EzvqCAKNU-ufhw1gCp2wDvCfcKvF9ldU09hwK9jQ7qtXWhRB0ySzeDEr9RiPkL_eTf9_JPY3V5ejAZmoe_NMENbtj48a2D_S59qw2_MHBJVOYMKDP87rDMwWXuN30dAvIz05WocgkRUM48woY_9VocwTytK72YFa4U2Y6G9GpaFbdvz6E6OQDrD8jFR5GvXVL_ySuFLSrmffdSy5-gJbdyTMH8FWxS2lcjCnwfd9cR2DCqwdebeQdnN4K5InO_4qReRC7TBKL6D1TeipFs9Ng5P2eo9DZUizimG9th-kRUwN4HnvoU4US0v2cZIrSy1C90FRRIhf9z1y8jFB4bU0GEVG6cD8B-He5nAb4dRcAOjUF56wDyLDYCAwevQNtVMNamvOOKyWRgmGQ1DzRitA1AEEC31W34D28VYfQnjZbzSPTtIKe81S-4qT0RvBqRmKXUYJ7f8-xukACAEbNjyMdqEf5CpgVSXcOkX9EUoCCK1P8OQNyNsbkrvnExK-56bC8wHqQHy7HBkxUGWetkrT78YjQvO1CE6h2gT_RS2bjNasOh61qg7b2Oh0pQYpikER3x0Fcq0gSGqTeg6WdxwSOvzcTDc1_RZmSJbfOAD20En7K2lS-u1Wh3Mak0kW_tl3ATwFZd8G9HzYiE59iD17UhOxZlBjA-9urfp0Iu9J7h-uWRjayX-uMyIt7t7RJypkM3aLwyTUAfc23xiWG4wG5Nun2X0gixj69gakrQ62_gkVTLPM&__tn__=%2AW-R&paipv=0#footer_action_list,36 · Like · React,2 Comments,false
KementerianATRBPN,Inspektur ,July 25 at 10:20 PM,https://mbasic.facebook.com/story.php?story_fbid=pfbid0hzULj8uuaHXoG17Md2BysXGzKvdFWrdQc3yTmwsieRuZwg9ACzuGtr3aoe9c89e9l&id=100064155686673&eav=Afa_VgBkxwo1JKpaB17VZsqJ3tlG5qsGY3pnwKiuqmsUeBKB8FuWqxncjRX_KbaJvLs&_ft_=encrypted_tracking_data.0AY_yqeXnHn7QjP50EZqcqRT-kPuv0DRL-nUN6M52efQz4_kMocqcH7L8Uluu6DbXO7hmWQTH8_AJ6u4MKuiSy8n0Vui6NZnNe3vZxNddVoniemwZLm6pLpxiAK8J9HqQVJTmeHzzgOP6QxwmWijZ1QVOKq5tUw1wpJFZkpLhgU_5f8kevFuhGdkHVz2WhAHT8shL5o8FT5fvOQtybUM5tduA4n-CDcM4vorpfkhD8ZyklNXuY7yDuIuaWrTQGmK-vgwTfqbpGxzuKyGJsImysDSDR2MFza8YXetuem4qQIEUSMz3WJwnWDFxifD4QN1GT2daOWGQn8k7rQGPHhosPnEsF0m9m4SQvydM3PCS0bgOXNs5rGevIG7b80dBd4cUiyoBPmMnPA2UE1ep-dmtZhwqxy_FLiqxg7vS45Ag3-euOqdCvyFUfWvEroM0n5sFP4Syi6r6IrAi4iJ9vpfE19TVwnGy0w625ZVzflj3ewuZlejM10HaQbUuwdniRDQOi49ATaKBUarJm2XMn01VFsyO-JW9PyVYS2nJcPC-Qg9lR5xxlO2gMomu6Bw9qCTucFz9u7umsjKWi9Y9TK3Ujzm8h5PanTbO8nXCQ5cEOMyZiKbzgrq1RCpSUm6CYbO4zDdDvFLBA5aUCvBJzxmnbY20e-NfIcbqymIf-wcSFhsN7VJu1emcu8rhD7uYcUGvlCE8RrncXG4j5fTJ7YI3lF3dE1SQUp1ufNCRAD528loUsCnpzTZizl-e2SJmRU7rY3HKlajmjLewJUR5VpXZCArpY-ZHcJoaHyxgRiH_fl4hWVv2r2kVqbJMlLvqPT11ZPhSHqUsM7oZSsAyBjEconz5N2wYA8rEayfFfp6on86EAFaIs9m68SoQlxNK7NYgZA59QEXX9drBsU2U_887ILqOHq2vZ-jRLARZ1PbQCTu4jGWficIXRyicgirsLFR-iJ3tYss8TdDSviOv9nphFy9iIT-ecCws9wNSEV1dv9Yu2fxxApBu8jUtxssrZp0bXIGo8WK8vR40UW9RnyWNGeOYtajpeGut2ucnksvifbWjpIcMR-IuMaKDUOaKatHUp8dMvZNXiw1QFIZvGmmPaSCD1-rhC1z1_v6sRJeHij6XzbCotjTRwgzq1QyIKhFt5KB7k8bSjMr_TIvdcIyQlKRZu0Ib4lzjaqTYTo_VHKklGQeFC2VpXnmF_gbSuvm7vhqLCIL4HmZ97Y6hWOT8yZMNX8sh5788-S_1STP91wM2_vm8SitwnSjJjAa8GNovEv4SsJ_8Om3-1Qf__PpH5lOMDgPvZXzQRQAYpg_PjM3jxFx2_Zh5XAckDBUlBZoEreXyhfsaYM6LzF8VK1Efh6ZxGTORy2XQ1vOp7OcTV2hDXD5uPVqPM482D1hG5NTwuNxshhpvrNeQC_TDO80678s2TOfmJvA7NgAJlmMt7tQ5GXpN7qA_mXaBFhnoncO2taF2fjY7_9dRQU31_Yzz5TxuC3HobPvaGGuskTWdlSjzJ0VT0uzMUgO3AfGOOTd3mYmZSAuliRnHjLpAXHd5OLNa6Pw&__tn__=%2AW-R&paipv=0#footer_action_list,28 · Like · React,,false
KementerianATRBPN,Kementeria,July 25 at 10:19 PM,https://mbasic.facebook.com/story.php?story_fbid=pfbid02ymemAGh7syM3hvqL9chHvW1nraVrMWZFhPkYiaNGWGRAxNvbs5nKXRViA5ee8B3Gl&id=100064155686673&eav=Afb3KeO08Lb7E1CK-Aq7tVpO7Bo8JcCbHd1E3BXouzU5LtsA_TyfXrCdWDNw8x7glkE&_ft_=encrypted_tracking_data.0AY90KddBSsAu3h30-ZX1GxuAr2rwtRJvDU5JkKcZ3wi_gbAVLctoXVavYwO0TGcDLmXVEI78ZFEs8l7yGGbr0RC8tVVsO-1Uz-PnH5sEbI31etfC_6N5fQ2AqCbKSomjd0U9l2ZTBeeRfbsM9Sl6OULuWRpOtM92cyvAVKS6J2knLSVPvOvGKjUIcM79ASIO9KFbMqT0F7NlJnRzH6tnKS0ixWMjpzDS8lkiSqqDQZ_BPopZeG9Z6Kp3EHdU5mobanDADysPsfNTvBJXzDX3HNmwKXu5loOuuvAZuZ8UQVNqyNLuyniUMmIKr6hT7WfiRFeDwkwu_mcQnpFA8coz4fFqUs7WCrONIqMjJMbSqSEH8HC9f3O06oMCXGPSAs4RbF5CstBlsCB1PoFSD0kt0dDg83ia2SpkrlnDq8PRAwibP3tRAIK4felLk0s01xLe47zRBPtTDDzmw5z4JwDSrCO8WzvHPgN-iKV7u6_1gUQKG3AM09sbtct8DrpWi_Wbdg4EIBTmRVaXnDeW-ts1WVq9wccAqleeKKHmAAWyBax0EnrfZgfVV1xz082NosQKo6bUMAs1gW6GufohuEaEv_LIcdcUr03ik-FblnuPJ7nYL7ra1touciaPm39cX3HOMiCqUeelnrwq79aqncwcHxdntwJnKfBheF9562kPuRjS0COcEIDOVBWHaXZuQyfR3KgCgZHMR0beR99AwA-KWgw1v0_gzdVqZOCW-YbPkKjKnw90lAY3aDnJF5Ys80omh0xOwCt2SeCVdoZdOTRqdEVy-19NH-_Bi2Ywq2zcrI03LOhceCCdO1J7QNTcYgFTtPxp4G-qsH3wCFfGzqa7tncjZF_zfLZe9wypjVdKlAVf64tERwM3wMpH5iXmXpzVVRHekAEDhgIiccgGmwic0QIqlQg3EeKxdK92Ifmgb6Rzbnw7hSz0F9OiN93J9aQzx2paSitvgh_Azc4KCWkmFfIP12PqRO9VgkjDZwZcw158Ugc0Fx2Egl1Gggnu-z6l5Sz-Ksh-7t5SNJTEy4Twm29iYhhonfpxhEYYYkNJBVgo62KQBgmGsH73Vun_rOflXzk4mxbAd6QzAv63cw886lPojINSFGULzeCERySUXGrBV8RcVIftawRn0V1_LOAPhgnsYcRKvsL2g7PydiQfMJbwEWSOegHtZrba3ugByvOPSMmMm172mjeIpC48G0gACSTl3H1eCqy2U9m_jyhdEr1AUUoUVIch_9N6dJOwXfJEl5Rvb2_p_fRapGLZmP3GwayiU2uN0cPz7FzSznamjQJOw7QunHz4l6sH2dOs6TLNE7AGxax0FhH5Fz08SUGtG6HxkwiqcR9i4lheUhZIzrOF82Co9BoWTO_G0UbDRKYZWu8rt09zOKU9BrMfagVZbpsQZVIi1UlLmEpgjPL2ADB-Pg_AW6q1JeHtFqdEP2Zn7oUTnab1DSRIVTYOa6bZ1nEIUp_UzZD-9HqcTtgIjPxlmIO9gv6JWxOuFmtel3NyR9Fstj_sl2eztnumW7iCKEuqXYAQGyDYBeHHqTjMZa-7Hado&__tn__=%2AW-R&paipv=0#footer_action_list,30 · Like · React,,false
KementerianATRBPN,Kementeria,July 25 at 10:17 PM,https://mbasic.facebook.com/story.php?story_fbid=pfbid0BgdH6zhWY7fhhGQQGEudm1qGZXBiPgwHnm9YowocSHqhncaybxgeWP5mqUDREGd9l&id=100064155686673&eav=Afa4aBRs9_8IdYOlYdkUu_OJ7DKSZOhFj5cHmKnRoPRiusb4lkJwSJH9_LkLzQIHEVc&_ft_=encrypted_tracking_data.0AY_ZoYCuWUhjnz4WgyPVrojhHd_64jxtE3SJ93qweczB43ivJz41RrsEJq0yWeiUryzNPK8YWuRt6b3dRXSVMV-MgzUO-v7lmTSnolwfUW35m4ELtSEWgin5IHOtf7ZIkjTzJnBUABjVLDpJE7znb6S0VDKTtTzNTYqRro3k0AS4XGl_4dOi0S4aXqWs849rRLgQmeq1ke64lpAM6vuocnRFUME09hhtxEkNoY4kTKF8-34aRak3IC21JIH0eNAujGOb-93_jRg4NCGDfrvYSG37DMwa2HT5zpuFkg3cJkF2UL4r1p38GjbxN2ZGA8yfLXheqAiIz4jXo-LRJXFSFeoFPbTQCqws2HevmD9Pafu4jgS2-KsIZOsW3jKcKLhsBfv834guFL0qEhBVaTCM_yOuuWMA1OM8HscTukivIFd7-4yY6jZ2zKghA2JzsKBTpYcwdqm-q2z8qzJ3Dd7WNLMBGXbAEqVEnfvAIjuygfUHfDtId9VupQyU5BuDuSPyWK96V8Hwk4099dpEN-udJSULryAYHUiiiJubEiPn5J7zGfcKYLpNUaA7wXNLRO8VVYwh5Y16hK-r2hPwYvtViGuHU4eBDoCy3ewWtzTQcAXIEMXiK3mUwD6CoIQbg5oleTO7imhoa8F1sJwuP9NlWspZ0nuiAQBCkO82rAWY0vOP-s-7vAllmIveHCukuBVWDGsQppRkxfYjcyCJ4MQzGBS8ob0MoslVWj-1O4-lpjYi0w_myAAmgdBQWocHVs1yXWJ7fLserILL3XUmME2rTcWwBjwGACgLIEc1o4ASehpwQyXkuGW87g5TkWPJsZCeKYusvD9lXc0rwfw7gB4-Yf4qMY-kJwEqJrihIzZwX-Duk4Y6wCai-U5vPyqbSddGVIPA7m8rJFAGhZsoobPiq-9U1vL5XWpccf9MRpsewMy-3x8EC7_l0964XnUsgk_qy_KSfsror0Owk9XjiJwujqObvxsvjfSgo6SW9oPMnfNbTO6PagHKYXvyEiDgt1pUOzZXlRrE4pEtE2y5wNbSPRInfPajo_CDx-AAfRqq1ScMUHSqHzDFA7xby2wPhtvLGVsCLJYGjVyUSZPrbCv63ffy85tHGHobtOdIwwTF5gHNmmn5hGRIIHK06SR5RnmjloEPtWXCQhVIc4SCH7Rwe-8EMgugBZfwtnUPuJWLC8DK4cPXYmrs54xVlA943E5XR2MFlyWzzZMvJcUWBLyXBu6kNht3s06Jy7AgoC-Pvivai18DbQ73qqBMIlOD6umREWaWaJJIq_WtXft3-u860Se4L5StfZ29XeOqfuIyT9p9tQY5IxrKzHu0Vs6jzDOVvE82HpniF73-Y4_MyDvLq8fedX_2IoD4zcx5CMpnSo-E4m4acjT3-DsBcOWGS2s_OLeus-xMVt1-OBgsDJDscFSwDWFwXrtfi6YifBeurx1fYP208xRQHorG2Ocp7puzYvzIJ5K1J7uzX_gXz4hSWnVZBoeAFNOLrWXKb3dhWHQoWVXB0oIf4cqLoQKHx8NOsAmTP6siCDbm5ij0DEDoWwWHz06W&__tn__=%2AW-R&paipv=0#footer_action_list,28 · Like · React,,false
